﻿pos_x,pos_y,rotation,side,designator,mpn,pack,value,mount_type,place
150.01875,-71.449669,0.0,bottom,C1,,C_0402_1005Metric,100nF,smt,True
93.254556,-51.459534,90.0,bottom,C10,,C_0402_1005Metric,100nF,smt,True
156.991552,-67.805647,90.0,bottom,C2,,C_0402_1005Metric,100nF,smt,True
153.917092,-71.518524,-90.0,bottom,C3,,C_0402_1005Metric,100nF,smt,True
153.516667,-58.998702,180.0,bottom,C4,,C_0402_1005Metric,100nF,smt,True
144.866794,-62.379347,180.0,bottom,C5,,C_0402_1005Metric,100nF,smt,True
145.842972,-61.149876,180.0,bottom,C6,,C_0603_1608Metric,10uF,smt,True
151.506144,-71.538185,-90.0,bottom,C7,,C_0402_1005Metric,100nF,smt,True
95.989824,-52.075515,90.0,bottom,C8,,C_0402_1005Metric,1uF,smt,True
101.6,-50.48625,-90.0,bottom,C9,,C_0402_1005Metric,1uF,smt,True
231.29875,-59.69,-90.0,bottom,D1,,D_SOD-123-hidden-ref,D_Small,smt,True
78.89875,-59.69,-90.0,bottom,D10,,D_SOD-123-hidden-ref,D_Small,smt,True
244.95125,-81.75625,90.0,bottom,D11,,D_SOD-123-hidden-ref,D_Small,smt,True
225.7423,-75.56495,90.0,bottom,D12,,D_SOD-123-hidden-ref,D_Small,smt,True
206.6923,-75.56495,90.0,bottom,D13,,D_SOD-123-hidden-ref,D_Small,smt,True
168.5923,-75.56495,90.0,bottom,D14,,D_SOD-123-hidden-ref,D_Small,smt,True
187.6423,-75.56495,90.0,bottom,D15,,D_SOD-123-hidden-ref,D_Small,smt,True
140.0173,-75.56495,90.0,bottom,D16,,D_SOD-123-hidden-ref,D_Small,smt,True
120.9673,-75.56495,90.0,bottom,D17,,D_SOD-123-hidden-ref,D_Small,smt,True
101.9173,-75.56495,90.0,bottom,D18,,D_SOD-123-hidden-ref,D_Small,smt,True
67.945,-75.40625,90.0,bottom,D19,,D_SOD-123-hidden-ref,D_Small,smt,True
220.9798,-56.51495,90.0,bottom,D2,,D_SOD-123-hidden-ref,D_Small,smt,True
82.8673,-75.56495,90.0,bottom,D20,,D_SOD-123-hidden-ref,D_Small,smt,True
249.5548,-94.61495,90.0,bottom,D21,,D_SOD-123-hidden-ref,D_Small,smt,True
217.01125,-103.34625,-90.0,bottom,D22,,D_SOD-123-hidden-ref,D_Small,smt,True
230.5048,-94.61495,90.0,bottom,D23,,D_SOD-123-hidden-ref,D_Small,smt,True
194.78625,-103.28375,-90.0,bottom,D24,,D_SOD-123-hidden-ref,D_Small,smt,True
192.4048,-94.61495,90.0,bottom,D25,,D_SOD-123-hidden-ref,D_Small,smt,True
211.4548,-94.61495,90.0,bottom,D26,,D_SOD-123-hidden-ref,D_Small,smt,True
173.3548,-94.61495,90.0,bottom,D27,,D_SOD-123-hidden-ref,D_Small,smt,True
164.62375,-103.28375,-90.0,bottom,D28,,D_SOD-123-hidden-ref,D_Small,smt,True
178.91125,-103.28375,-90.0,bottom,D29,,D_SOD-123-hidden-ref,D_Small,smt,True
201.9298,-56.51495,90.0,bottom,D3,,D_SOD-123-hidden-ref,D_Small,smt,True
159.0675,-94.615,90.0,bottom,D30,,D_SOD-123-hidden-ref,D_Small,smt,True
151.128335,-106.16916,-90.0,bottom,D31,,D_SOD-123-hidden-ref,D_Small,smt,True
126.741453,-103.28375,-90.0,bottom,D32,,D_SOD-123-hidden-ref,D_Small,smt,True
135.2548,-94.61495,90.0,bottom,D33,,D_SOD-123-hidden-ref,D_Small,smt,True
116.2048,-94.61495,90.0,bottom,D34,,D_SOD-123-hidden-ref,D_Small,smt,True
99.53625,-103.28375,-90.0,bottom,D35,,D_SOD-123-hidden-ref,D_Small,smt,True
110.64875,-103.28375,-90.0,bottom,D36,,D_SOD-123-hidden-ref,D_Small,smt,True
97.1548,-94.61495,90.0,bottom,D37,,D_SOD-123-hidden-ref,D_Small,smt,True
78.1048,-94.61495,90.0,bottom,D38,,D_SOD-123-hidden-ref,D_Small,smt,True
59.0548,-94.61495,90.0,bottom,D39,,D_SOD-123-hidden-ref,D_Small,smt,True
182.8798,-56.51495,90.0,bottom,D4,,D_SOD-123-hidden-ref,D_Small,smt,True
163.8298,-56.51495,90.0,bottom,D5,,D_SOD-123-hidden-ref,D_Small,smt,True
144.7798,-56.51495,90.0,bottom,D6,,D_SOD-123-hidden-ref,D_Small,smt,True
125.7298,-56.51495,90.0,bottom,D7,,D_SOD-123-hidden-ref,D_Small,smt,True
106.603324,-56.41875,90.0,bottom,D8,,D_SOD-123-hidden-ref,D_Small,smt,True
71.755,-59.69,-90.0,bottom,D9,,D_SOD-123-hidden-ref,D_Small,smt,True
91.618207,-49.00625,90.0,bottom,D99,,SOT-143,PRTR5V0U2X,smt,True
91.59875,-54.58125,90.0,bottom,F1,,Fuse_1206_3216Metric,ASMD1206-150,smt,True
84.468818,-48.114156,0.0,bottom,J1,,USB_C_Receptacle_HRO_TYPE-C-31-M-12,USB_C_Receptacle_USB2.0,smt,True
74.6125,-50.8,0.0,bottom,L1,,L_1206_3216Metric,60R@100MHz,smt,True
249.555,-64.931909,180.0,bottom,LED1,,LED_SK6812MINI_PLCC4_3.5x3.5mm_P1.75mm,SK6812mini,smt,True
170.18,-99.3775,0.0,bottom,LED10,,LED_SK6812MINI_PLCC4_3.5x3.5mm_P1.75mm,SK6812mini,smt,True
209.07375,-99.3775,0.0,bottom,LED11,,LED_SK6812MINI_PLCC4_3.5x3.5mm_P1.75mm,SK6812mini,smt,True
249.555,-84.29625,0.0,bottom,LED12,,LED_SK6812MINI_PLCC4_3.5x3.5mm_P1.75mm,SK6812mini,smt,True
208.28,-64.931909,180.0,bottom,LED2,,LED_SK6812MINI_PLCC4_3.5x3.5mm_P1.75mm,SK6812mini,smt,True
170.18,-64.931909,180.0,bottom,LED3,,LED_SK6812MINI_PLCC4_3.5x3.5mm_P1.75mm,SK6812mini,smt,True
132.08,-64.931909,180.0,bottom,LED4,,LED_SK6812MINI_PLCC4_3.5x3.5mm_P1.75mm,SK6812mini,smt,True
93.98,-64.931909,180.0,bottom,LED5,,LED_SK6812MINI_PLCC4_3.5x3.5mm_P1.75mm,SK6812mini,smt,True
53.49875,-64.931909,180.0,bottom,LED6,,LED_SK6812MINI_PLCC4_3.5x3.5mm_P1.75mm,SK6812mini,smt,True
53.49875,-84.29625,0.0,bottom,LED7,,LED_SK6812MINI_PLCC4_3.5x3.5mm_P1.75mm,SK6812mini,smt,True
93.18625,-99.3775,0.0,bottom,LED8,,LED_SK6812MINI_PLCC4_3.5x3.5mm_P1.75mm,SK6812mini,smt,True
132.08,-99.3775,0.0,bottom,LED9,,LED_SK6812MINI_PLCC4_3.5x3.5mm_P1.75mm,SK6812mini,smt,True
65.405,-55.72125,180.0,top,MX1,,SW_MX_1u,MX_SW_solder,tht,True
217.805,-55.72125,0.0,top,MX10,,SW_MX_1u,MX_SW_solder,tht,True
241.6175,-55.72125,180.0,top,MX11,,SW_MX_1.5u,MX_SW_solder,tht,True
236.855,-55.72125,180.0,top,MX12,,SW_MX_1u,MX_SW_solder,tht,True
60.6494,-74.80195,0.0,top,MX13,,SW_MX_1u,MX_SW_solder,tht,True
58.26125,-74.77125,0.0,top,MX14,,SW_MX_1.25u,MX_SW_solder,tht,True
79.6925,-74.77125,0.0,top,MX15,,SW_MX_1u,MX_SW_solder,tht,True
98.7425,-74.77125,0.0,top,MX16,,SW_MX_1u,MX_SW_solder,tht,True
117.7925,-74.77125,0.0,top,MX17,,SW_MX_1u,MX_SW_solder,tht,True
136.8425,-74.77125,0.0,top,MX18,,SW_MX_1u,MX_SW_solder,tht,True
165.4175,-74.77125,0.0,top,MX19,,SW_MX_1u,MX_SW_solder,tht,True
60.6425,-55.72125,180.0,top,MX2,,SW_MX_1.5u,MX_SW_solder,tht,True
184.4675,-74.77125,0.0,top,MX20,,SW_MX_1u,MX_SW_solder,tht,True
203.5175,-74.77125,0.0,top,MX21,,SW_MX_1u,MX_SW_solder,tht,True
222.5675,-74.77125,0.0,top,MX22,,SW_MX_1u,MX_SW_solder,tht,True
243.99875,-74.77125,180.0,top,MX23,,SW_MX_1.25u,MX_SW_solder,tht,True
241.6175,-74.77125,180.0,top,MX24,,SW_MX_1u,MX_SW_solder,tht,True
55.88,-93.82125,0.0,top,MX25,,SW_MX_1u,MX_SW_solder,tht,True
74.93,-93.82125,0.0,top,MX26,,SW_MX_1u,MX_SW_solder,tht,True
93.98,-93.82125,0.0,top,MX27,,SW_MX_1u,MX_SW_solder,tht,True
113.03,-93.82125,0.0,top,MX28,,SW_MX_1u,MX_SW_solder,tht,True
132.08,-93.82125,0.0,top,MX29,,SW_MX_1u,MX_SW_solder,tht,True
84.455,-55.72125,180.0,top,MX3,,SW_MX_1u,MX_SW_solder,tht,True
151.13,-93.82125,0.0,top,MX30,,SW_MX_1u,MX_SW_solder,tht,True
170.18,-93.82125,0.0,top,MX31,,SW_MX_1u,MX_SW_solder,tht,True
189.23,-93.82125,0.0,top,MX32,,SW_MX_1u,MX_SW_solder,tht,True
208.28,-93.82125,0.0,top,MX33,,SW_MX_1u,MX_SW_solder,tht,True
227.33,-93.82125,0.0,top,MX34,,SW_MX_1u,MX_SW_solder,tht,True
246.38,-93.82125,0.0,top,MX35,,SW_MX_1u,MX_SW_solder,tht,True
243.99875,-65.24625,90.0,top,MX36,,SW_MX_1u,MX_SW_solder,tht,True
86.83625,-112.87125,0.0,top,MX37,,SW_MX_1.25u,MX_SW_solder,tht,True
110.64875,-112.87125,0.0,top,MX38,,SW_MX_1.25u,MX_SW_solder,tht,True
151.13,-112.87125,0.0,top,MX39,,SW_MX_1u,MX_SW_solder,tht,True
103.505,-55.72125,0.0,top,MX4,,SW_MX_1u,MX_SW_solder,tht,True
191.61125,-112.87125,0.0,top,MX40,,SW_MX_1.25u,MX_SW_solder,tht,True
215.42375,-112.87125,0.0,top,MX41,,SW_MX_1.25u,MX_SW_solder,tht,True
127.3048,-112.8776,0.0,top,MX42,,SW_MX_1.5u,MX_SW_solder,tht,True
105.88625,-112.87125,0.0,top,MX43,,SW_MX_1.25u,MX_SW_solder,tht,True
134.46125,-112.87125,0.0,top,MX44,,SW_MX_1.75u,MX_SW_solder,tht,True
167.79875,-112.87125,0.0,top,MX45,,SW_MX_1.75u,MX_SW_solder,tht,True
196.37375,-112.87125,0.0,top,MX46,,SW_MX_1.25u,MX_SW_solder,tht,True
174.9298,-112.8776,0.0,top,MX47,,SW_MX_1.5u,MX_SW_solder,tht,True
122.555,-55.72125,0.0,top,MX5,,SW_MX_1u,MX_SW_solder,tht,True
132.08,-112.87125,0.0,top,MX50,,SW_MX_1u,MX_SW_solder,tht,True
170.18,-112.87125,0.0,top,MX51,,SW_MX_1u,MX_SW_solder,tht,True
141.605,-55.72125,0.0,top,MX6,,SW_MX_1u,MX_SW_solder,tht,True
84.455,-112.87125,0.0,top,MX61,,SW_MX_1u,MX_SW_solder,tht,True
103.505,-112.87125,0.0,top,MX62,,SW_MX_1u,MX_SW_solder,tht,True
122.555,-112.87125,0.0,top,MX63,,SW_MX_1u,MX_SW_solder,tht,True
141.605,-112.87125,0.0,top,MX64,,SW_MX_1u,MX_SW_solder,tht,True
160.655,-112.87125,0.0,top,MX65,,SW_MX_1u,MX_SW_solder,tht,True
179.705,-112.87125,0.0,top,MX66,,SW_MX_1u,MX_SW_solder,tht,True
198.755,-112.87125,0.0,top,MX67,,SW_MX_1u,MX_SW_solder,tht,True
217.805,-112.87125,0.0,top,MX68,,SW_MX_1u,MX_SW_solder,tht,True
160.655,-55.72125,0.0,top,MX7,,SW_MX_1u,MX_SW_solder,tht,True
179.705,-55.72125,0.0,top,MX8,,SW_MX_1u,MX_SW_solder,tht,True
198.755,-55.72125,0.0,top,MX9,,SW_MX_1u,MX_SW_solder,tht,True
155.910378,-81.623507,-90.0,bottom,R1,,R_0402_1005Metric,5.1k,smt,True
155.910378,-79.699457,-90.0,bottom,R2,,R_0402_1005Metric,5.1k,smt,True
81.536,-54.1274,0.0,bottom,R3,,R_0402_1005Metric,5.1k,smt,True
87.717917,-53.90423,180.0,bottom,R4,,R_0402_1005Metric,5.1k,smt,True
243.99875,-65.24625,0.0,top,S1,,STAB_MX_ISO,MX_stab,tht,True
151.13,-112.87125,180.0,top,S2,,STAB_MX_3u,MX_stab,tht,True
170.18,-112.87125,180.0,top,S3,,STAB_MX_2u,MX_stab,tht,True
132.08,-112.87125,180.0,top,S4,,STAB_MX_2u,MX_stab,tht,True
179.705,-112.87125,180.0,top,S5,,STAB_MX_3u,MX_stab,tht,True
122.555,-112.87125,180.0,top,S6,,STAB_MX_3u,MX_stab,tht,True
151.13,-81.12125,0.0,bottom,SW0,,SW_SPST_SKQG_WithoutStem,SKQGABE010,smt,True
153.63,-120.3816,90.0,bottom,SW1,,RotaryEncoder_Alps_EC11E-Switch_Vertical_H20mm,Rotary_Encoder_Switch,tht,False
153.631298,-101.321272,90.0,bottom,SW52,,RotaryEncoder_Alps_EC11E-Switch_Vertical_H20mm,Rotary_Encoder_Switch,tht,False
151.129002,-65.078172,90.0,bottom,U1,,LQFP-48_7x7mm_P0.5mm,STM32F072CBT6,smt,True
98.425,-50.00625,180.0,bottom,U2,,SOT-23,XC6206P332MR-Regulator_Linear,smt,True
