﻿designator,quantity,value,pack,mpn,mount_type
"C1, C10, C2, C3, C4, C5, C7",7,100nF,C_0402_1005Metric,,smt
C6,1,10uF,C_0603_1608Metric,,smt
"C8, C9",2,1uF,C_0402_1005Metric,,smt
"D1, D10, D11, D12, D13, D14, D15, D16, D17, D18, D19, D2, D20, D21, D22, D23, D24, D25, D26, D27, D28, D29, D3, D30, D31, D32, D33, D34, D35, D36, D37, D38, D39, D4, D5, D6, D7, D8, D9",39,D_Small,D_SOD-123-hidden-ref,,smt
D99,1,PRTR5V0U2X,SOT-143,,smt
F1,1,ASMD1206-150,Fuse_1206_3216Metric,,smt
J1,1,USB_C_Receptacle_USB2.0,USB_C_Receptacle_HRO_TYPE-C-31-M-12,,smt
L1,1,60R@100MHz,L_1206_3216Metric,,smt
"LED1, LED10, LED11, LED12, LED2, LED3, LED4, LED5, LED6, LED7, LED8, LED9",12,SK6812mini,LED_SK6812MINI_PLCC4_3.5x3.5mm_P1.75mm,,smt
"MX1, MX10, MX12, MX13, MX15, MX16, MX17, MX18, MX19, MX20, MX21, MX22, MX24, MX25, MX26, MX27, MX28, MX29, MX3, MX30, MX31, MX32, MX33, MX34, MX35, MX36, MX39, MX4, MX5, MX50, MX51, MX6, MX61, MX62, MX63, MX64, MX65, MX66, MX67, MX68, MX7, MX8, MX9",43,MX_SW_solder,SW_MX_1u,,tht
"MX11, MX2, MX42, MX47",4,MX_SW_solder,SW_MX_1.5u,,tht
"MX14, MX23, MX37, MX38, MX40, MX41, MX43, MX46",8,MX_SW_solder,SW_MX_1.25u,,tht
"MX44, MX45",2,MX_SW_solder,SW_MX_1.75u,,tht
"R1, R2, R3, R4",4,5.1k,R_0402_1005Metric,,smt
S1,1,MX_stab,STAB_MX_ISO,,tht
"S2, S5, S6",3,MX_stab,STAB_MX_3u,,tht
"S3, S4",2,MX_stab,STAB_MX_2u,,tht
SW0,1,SKQGABE010,SW_SPST_SKQG_WithoutStem,,smt
"SW1, SW52",2,Rotary_Encoder_Switch,RotaryEncoder_Alps_EC11E-Switch_Vertical_H20mm,,tht
U1,1,STM32F072CBT6,LQFP-48_7x7mm_P0.5mm,,smt
U2,1,XC6206P332MR-Regulator_Linear,SOT-23,,smt
